Designator,MPN,Value,Footprint,LCSC Part #,Qty,Board,Notes
U1,ESP32-S3-WROOM-1-N16R8,,ESP32-S3-WROOM-1,C2913202,1,Main,Module WiFi+BT 16MB flash 8MB PSRAM
U2,PCM5122PW,,TSSOP-28,C1540085,1,Main,DAC audio stereo I2S+I2C
U3,PAM8406DR,,SOP-16,C86270,1,Main,Ampli Class D 5W+5W stereo
U4,ICS-43434,,BGA-6 bottom-port,C5656610,1,Main,Micro MEMS I2S 24-bit
U5,AP2112K-3.3TRG1,,SOT-23-5,C51118,1,Main,LDO 3.3V digital 600mA
U6,AP2112K-3.3TRG1,,SOT-23-5,C51118,1,Main,LDO 3.3V audio 600mA
U7,MT3608,,SOT-23-6,C84817,1,Main,Boost 3.7V->5V 2A
U8,bq24075RGTR,,QFN-16,C15464,1,Main,Chargeur LiPo 1.5A + power path DPPM
U9,DW01A,,SOT-23-6,C351410,1,Main,Protection batterie
U10,FS8205,,TSSOP-8,C32254,1,Main,Dual MOSFET protection
U11,ST25DV04KC-IE6S3,,SO8,C3304276,1,Satellite Dessus,Tag NFC dynamique I2C+RF (remplace PN532, EOL — voir docs/datasheets/ST25DV04K.md). Deplace hors du Main (2026-09-21) — sheet nfc.kicad_sch a reutiliser tel quel comme base du satellite Dessus (voix+NFC).
U12,USBLC6-2SC6,,SOT-23-6,C7519,1,Main,Protection ESD USB D+/D-
"—",,GC9A01 module 1.3 rond,Module,—,2,Face avant,Yeux du personnage 240x240 SPI (modules achetes)
"—",,TBD — type d'ecran bouche a definir ulterieurement (pas e-ink),Module,—,1,Face avant,Bouche du personnage — composant non choisi, SPI2 8 pins reserve (VCC/GND/MOSI/SCLK/CS/DC/RST/BUSY)
J1,HOOYA USB-307HB-B-SU,,USB-C-24P SMD vertical,C309361,1,Main,Connecteur USB-C femelle 24 pins (fab. Dongguang Haoyu Electronics) — sur LCSC/JLCPCB, importable via easyeda2kicad ou plugin kicad-lcsc-manager (LCSC ID C309361). Pinout standard verifie sur datasheet fabricant 2026-09-20 (voir docs/pcb/01-netlist.txt) : VBUS=A4/A9/B4/B9, GND=A1/A12/B1/B12+shield, D+=A6+B6, D-=A7+B7, CC1=A5, CC2=B5, pins SS/SBU non utilisees (design USB2.0 only).
"J3,J4,J5,J6",,Connecteur JST-SH 4pin,JST-SH-4P,—,4,Main,Bus I2C vers satellites
J7,,Connecteur JST-SH 10pin,JST-SH-10P,—,1,Main,SPI3 vers 2x GC9A01 yeux
J7b,,Connecteur JST-SH 8pin,JST-SH-8P,—,1,Main,SPI2 vers display bouche (type a definir ulterieurement, pas e-ink)
J8,,Connecteur JST-SH 6pin,JST-SH-6P,—,1,Main,Toggles SW1/SW2 face avant + reserve GPIO3 (ex-ADC potentiometres - analogique migre sur ADS7830 I2C)
J9,,Connecteur JST-PH 4pin,JST-PH-4P,—,1,Main,"WS2812 + reserve (PH 2mm 3A/contact - 32 LEDs = jusqu'a ~1.9A sur 5V, JST-SH 1A insuffisant)"
J2,,Connecteur JST-PH 2pin,JST-PH-2P,—,1,Main,Batterie LiPo (etait note J10 par erreur — reference reelle du schema est J2)
J11,,Slot microSD push-push,TF-PUSH,C91145,1,Main,Carte SD sur SPI2 partage (MISO=15 CS=47) - verifier ref LCSC avant commande
L1,,Inductance 22uH,1210,—,1,Main,Pour MT3608 boost (22uH recommande datasheet)
C1,,10uF 25V ceramique,0603,—,1,Main,Decouplage bulk ESP32-S3-WROOM-1 VDD (ref. schema Espressif DevKitC C1)
"C2,C3",,100nF 16V ceramique,0402,—,2,Main,Decouplage generique (C2=ESP32 HF pres VDD, ref. schema Espressif C2 ; C3=PCM5122 AVDD sheet Audio). C6-C12 retires (audit 2026-09-20 : reserve jamais placee, plus d'IC restant sur le main a decoupler)
"FB1,FB2",,120R@100MHz ferrite,0603,—,2,Main,Filtre EMI sur SPI2_SCLK/SPI3_SCLK (ferrite serie, ajoute directement par l'utilisateur dans KiCad — empreinte corrigee lors de l'audit 2026-09-20, etait assignee sur un boitier CI SOIC-8 par erreur)
"CC_SPI2_CLK,CC_SPI3_CLK",,10pF 50V ceramique NP0/C0G,0402,—,2,Main,Capa shunt vers GND du filtre EMI SPI2_SCLK/SPI3_SCLK (avec FB1/FB2 ci-dessus)
C5,,100nF 16V ceramique,0402,—,1,Satellite Dessus,Decouplage VCC ST25DV04KC-IE6S3 (pin8) au plus pres — datasheet ST DS10925 §3.1 (sheet nfc.kicad_sch, projet PCB separe du Main — pas de conflit de reference avec le C4/C5 du Main ci-dessous, namespaces independants)
C4,,10nF 16V ceramique,0402,—,1,Satellite Dessus,Decouplage VCC ST25DV04KC-IE6S3 (pin8) au plus pres — datasheet ST DS10925 §3.1 (sheet nfc.kicad_sch, projet PCB separe du Main)
C4,,100nF 16V ceramique,0402,—,1,Main,Decouplage VDDIO LSM6DSOXTR (pin5) — datasheet ST DS12814 §7, C1/C2=100nF recommande (sheet imu.kicad_sch)
C5,,100nF 16V ceramique,0402,—,1,Main,Decouplage VDD LSM6DSOXTR (pin8) — datasheet ST DS12814 §7, C1/C2=100nF recommande (sheet imu.kicad_sch)
C_EN,,1uF 16V ceramique,0402,—,1,Main,Filtre RC sur EN (CHIP_PU) ESP32-S3 — ref. schema Espressif DevKitC C6, corrige 2026-09-20 (etait 100nF par erreur)
"C1_AV,C2_DV,C3_CP,C_LDOO",,100nF 16V ceramique,0402,—,4,Main,PCM5122 AVDD(pin8)/DVDD(pin28)/CPVDD(pin1)/LDOO(pin26) (pins corriges 2026-09-11 vs datasheet TI SLAS763C — l'ancien netlist avait tous les numeros de pins PCM5122 faux)
"C_D2,C_A2,C_B1",,10uF 10V ceramique,0805,—,3,Main,Sorties LDO U5/U6 + entree MT3608
"C15,C16,C17",,10uF 16V ceramique,0805,—,3,Main,Bulk decouplage PCM5122 (AVDD/DVDD/CPVDD)
"C19,C20",,2.2uF 25V ceramique,0603,—,2,Main,Charge pump PCM5122
"C_PAM_HF1,C_PAM_HF2,C_PAM_HF3",,1uF 10V ceramique,0603,—,3,Main,Decouplage HF PAM8406 VDD/PVDDL/PVDDR (datasheet Diodes DS43342)
C_PAM_BULK,,22uF 16V ceramique,0805,—,1,Main,Decouplage LF PAM8406 (datasheet recommande >=20uF)
C_PAM_VREF,,1uF 10V ceramique,0603,—,1,Main,Bypass VREF PAM8406 (0.47-1.0uF recommande, meilleur THD/bruit)
"C_PAM_INL,C_PAM_INR",,1uF 10V ceramique,0603,—,2,Main,Couplage AC entrees INL/INR PAM8406 (fc~8.8Hz avec RI=18k interne)
"C21,C22",,2.2nF 50V ceramique NP0/C0G,0603,—,2,Main,Filtre RC sortie audio (valeurs recommandees datasheet TI SLAS763C Sec.8.3.5.2, fc~153kHz — NP0/C0G obligatoire pour la distorsion, pas X7R)
C_IN,,4.7uF 10V ceramique,0603,—,1,Main,bq24075 IN pin13 decouplage (datasheet 4.7uF min)
"C_D1,C_A1",,1uF 10V ceramique,0402,—,2,Main,Entrees LDO U5/U6
C_B2,,22uF 16V ceramique,0805,—,1,Main,Sortie MT3608 boost (16V pour derating DC bias)
"R1,R2",,470 ohm,0603,—,2,Main,Filtre RC sortie audio (valeurs recommandees datasheet TI SLAS763C Sec.8.3.5.2, fc~153kHz)
"R3,R4",,4.7k ohm,0402,—,2,Main,Pull-up I2C SDA/SCL
"R5,R6,R_SHDN,R_MUTE",,10k ohm,0402,—,4,Main,Pull-up XSMT (R5 vers 3V3_A) / EN ESP32 (R6) / SHDN# PAM8406 (toujours actif) / MUTE# PAM8406 vers 3V3_A (toujours actif, pull-up interne suffirait mais externe par coherence). R7 (ex-RSTPD PN532) retire — le ST25DV n'a pas de pin reset equivalente.
R_MODE_D,,10k ohm,0402,—,1,Main,MODE PAM8406 vers 3V3_A = Class-D (option DNP par defaut — peuple pour Class-D). Paire XOR avec R_MODE_AB : un seul des deux doit etre peuple, jamais les deux (MODE ne peut pas flotter ni etre a un niveau intermediaire, datasheet Diodes DS43342)
R_MODE_AB,,10k ohm,0402,—,1,Main,MODE PAM8406 vers GND = Class-AB (DNP par defaut, a peupler uniquement si on retire R_MODE_D pour basculer en Class-AB). Paire XOR avec R_MODE_D — voir note ci-dessus
R_SD_PD,,100k ohm,0402,—,1,Main,Pull-down ligne I2S1_SD (ICS-43434) — decharge la ligne pendant le tristate du micro (datasheet InvenSense DS-000069 §Pin Function)
R8,,330 ohm,0402,—,1,Main,Serie WS2812 data — valeur non issue de la datasheet WS2812B (n'en parle pas) mais dans la plage recommandee Adafruit NeoPixel Uberguide (300-500 ohm)
"LED2,LED3,LED4,LED5,LED6,LED7,LED8,LED9,LED10,LED11,LED12,LED13",WS2812B-B/T,,SMD5050-4P,C2761795,12,Main,Halo lumineux face Dessous (sous le Main) — chaine R8->LED2->LED3->...->LED13->J9 (continue vers le halo visage sur le satellite Devant). C114586 cite historiquement dans le FSD = meme puce Worldsemi mais absente de la lib d'assemblage du plugin KiCad utilise, C2761795 choisie a la place (importable)
R_ILIM,,1.5k ohm,0402,—,1,Main,bq24075 ILIM pin12 (input current limit en mode RILIM EN2=H/EN1=L)
"R_PG,R_CHG",,100k ohm,0402,—,2,Main,Pull-up debug PGOOD/CHG bq24075 (DNP par defaut - pads testpoint)
R_ISET,,890 ohm,0402,—,1,Main,bq24075 ISET pin16 (charge current 1A)
R_VCC,,100 ohm,0402,—,1,Main,DW01A VCC serie (protection)
R_CS,,1k ohm,0402,—,1,Main,DW01A CS serie vers GND systeme (sense courant/detection charge)
C_U9,,100nF 16V ceramique,0402,—,1,Main,Decouplage DW01A VCC/GND au plus pres du boitier
"R_VBAT_H,R_VBAT_L",,1M ohm,0402,—,2,Main,Pont diviseur lecture VBAT -> ESP32 GPIO3/ADC1_CH2 (ratio 1:1, ~4uA de fuite) — voir note brownout docs/pcb/01-netlist.txt
C_VBAT_SENSE,,100nF 16V ceramique,0402,—,1,Main,Filtrage bruit sur le noeud VBAT_SENSE avant l'ADC
R_FB_H,,750k ohm,0402,—,1,Main,MT3608 feedback diviseur haut
R_FB_L,,100k ohm,0402,—,1,Main,MT3608 feedback diviseur bas
C_BAT,,4.7uF 10V ceramique,0603,—,1,Main,bq24075 BAT decouplage
C_OUT,,4.7uF 10V ceramique,0603,—,1,Main,bq24075 OUT decouplage
R_TS,,10k ohm,0402,—,1,Main,bq24075 TS pin1 vers GND (pas de NTC - 10k fixe TS->VSS datasheet §9.3.6)
"R9,R10",,5.1k ohm,0402,—,2,Main,USB-C CC1/CC2
"R11,R12",,22 ohm,0402,—,2,Main,Serie USB D+/D-
D1,,Diode Schottky SS14,SMA,—,1,Main,Protection MT3608
U20,MTCH2120-I/MX,,QFN-20,—,1,Satellite,Touch capacitif 12ch (pas sur LCSC - DigiKey/Mouser)
U11,LSM6DSOXTR,,LGA-14,C481766,1,Main,Accelerometre+gyro 6 axes + MLC (IMU) — deplace du satellite capteurs vers Main (2026-09-21), aucune contrainte de position. Sheet imu.kicad_sch, mode I2C (SDO/SA0=GND -> addr 0x6A, SDx/SCx=GND, CS=3V3_D), pinout verifie datasheet ST DS12814
U22,VEML7700-TT,,OPLGA,C1850416,1,Satellite,Capteur lumiere ambiante
U23,BMP280,,LGA-8,C83291,1,Satellite,Pression / souffle
U24,MLX90614ESF-BAA,,TO-39,—,1,Satellite,Temperature IR sans contact - variante 3V obligatoire (AAA=5V incompatible rail 3V3) - adresse usine 0x5A a reprogrammer en 0x5C (EEPROM) - verifier dispo LCSC/Mouser - pinout confirme (SCL/Vz=1 SDA/PWM=2 VDD=3 VSS=4)
U25,TMAG5273A2QDBVR,,SOT-23-6,C3715882,1,Satellite,Hall lineaire 3D I2C (remplace A3144E)
"C30,C31,C32,C33,C34,C35",,100nF 16V ceramique,0402,—,6,Satellite,Decouplage capteurs
U26,ADS7830IPWR,,TSSOP-16,C161747,1,Face avant,ADC 8ch 8-bit I2C addr 0x48 - lit SL1-SL4 + RV1-RV4 ratiometrique (REFIN=3V3) - datasheet docs/datasheets/ADS7830.md
C_FP1,,100nF 16V ceramique,0402,—,1,Face avant,Decouplage ADS7830 VDD
C_FP2,,1uF 10V ceramique,0402,—,1,Face avant,ADS7830 REFIN (ref externe ratiometrique)
"SL1,SL2,SL3,SL4",Bourns PTA6043-2015CPB103,,Slide-PTA6043-60mm,C17203852,4,Face avant,Fader 60mm 10kOhm lineaire carbon (enigmes) - datasheet docs/datasheets/Bourns-PTA6043.pdf
"RV1,RV2,RV3,RV4",Bourns PDB181-K420K-103B,,Pot-PDB181-17mm-panel,C6251250,4,Face avant,Pot rotatif 17mm 10kOhm lineaire knurled axe 6mm (enigmes) - datasheet docs/datasheets/Bourns-PDB181.pdf
"SW1,SW2",E-Switch 100SP1T1B4M1QE,,Toggle-100SP-12mm-bushing,—,2,Face avant,Toggle SPDT ON-ON panel 12mm (a sourcer DigiKey/Mouser - non LCSC) - datasheet docs/datasheets/E-Switch-100-series-toggle.pdf
